{"dataList":[{"id":1,"form_name":"ErosViverra.txt","form_details":"America/Bogota"},
{"id":2,"form_name":"InBlanditUltrices.png","form_details":"Europe/Amsterdam"},
{"id":3,"form_name":"MattisEgestasMetus.avi","form_details":"Asia/Harbin"},
{"id":4,"form_name":"A.mp3","form_details":"Asia/Shanghai"},
{"id":5,"form_name":"HacHabitasse.ppt","form_details":"Europe/Stockholm"},
{"id":6,"form_name":"UltricesMattisOdio.xls","form_details":"Pacific/Pago_Pago"},
{"id":7,"form_name":"OdioDonec.ppt","form_details":"Asia/Jakarta"},
{"id":8,"form_name":"Ut.mp3","form_details":"Asia/Manila"},
{"id":9,"form_name":"PosuereCubiliaCurae.jpeg","form_details":"Asia/Manila"},
{"id":10,"form_name":"PellentesqueAtNulla.xls","form_details":"Asia/Jakarta"},
{"id":11,"form_name":"MaurisLaoreetUt.ppt","form_details":"Asia/Jakarta"},
{"id":12,"form_name":"HacHabitasse.xls","form_details":"Asia/Jakarta"},
{"id":13,"form_name":"Lobortis.tiff","form_details":"Asia/Manila"},
{"id":14,"form_name":"LeoRhoncus.xls","form_details":"Asia/Chongqing"},
{"id":15,"form_name":"FaucibusOrciLuctus.ppt","form_details":"Europe/Tirane"},
{"id":16,"form_name":"LectusPellentesqueEget.doc","form_details":"Europe/Uzhgorod"},
{"id":17,"form_name":"SemFusce.xls","form_details":"Asia/Shanghai"},
{"id":18,"form_name":"NullaSuscipit.mp3","form_details":"Asia/Harbin"},
{"id":19,"form_name":"SapienALibero.ppt","form_details":"Europe/Athens"},
{"id":20,"form_name":"UtNulla.xls","form_details":"America/Santiago"},
{"id":21,"form_name":"ErosViverraEget.xls","form_details":"Africa/Tripoli"},
{"id":22,"form_name":"CongueEgetSemper.mov","form_details":"Asia/Jayapura"},
{"id":23,"form_name":"QuisOrci.xls","form_details":"Europe/Lisbon"},
{"id":24,"form_name":"AnteVivamus.ppt","form_details":"America/Guatemala"},
{"id":25,"form_name":"VelSemSed.mp3","form_details":"America/Port-au-Prince"},
{"id":26,"form_name":"Consequat.xls","form_details":"Pacific/Noumea"},
{"id":27,"form_name":"UltricesAliquet.tiff","form_details":"Asia/Harbin"},
{"id":28,"form_name":"CommodoVulputateJusto.mp3","form_details":"Australia/Sydney"},
{"id":29,"form_name":"CumSociis.png","form_details":"Asia/Ho_Chi_Minh"},
{"id":30,"form_name":"BlanditNonInterdum.doc","form_details":"Asia/Harbin"}]}